ambient/cave/cave1.ogg,33948
ambient/cave/cave10.ogg,22725
ambient/cave/cave11.ogg,36963
ambient/cave/cave12.ogg,21193
ambient/cave/cave13.ogg,29512
ambient/cave/cave2.ogg,48741
ambient/cave/cave3.ogg,50958
ambient/cave/cave4.ogg,49499
ambient/cave/cave5.ogg,67196
ambient/cave/cave6.ogg,42176
ambient/cave/cave7.ogg,45278
ambient/cave/cave8.ogg,49295
ambient/cave/cave9.ogg,27096
#ambient/weather/rain1.ogg,13185
ambient/weather/rain2.ogg,13301
ambient/weather/rain3.ogg,13322
ambient/weather/rain4.ogg,13955
ambient/weather/thunder1.ogg,24468
ambient/weather/thunder2.ogg,25571
ambient/weather/thunder3.ogg,27653
damage/fallbig.ogg,6079
damage/fallsmall.ogg,5232
damage/hit1.ogg,6539
damage/hit2.ogg,6227
damage/hit3.ogg,7660
dig/cloth1.ogg,4832
dig/cloth2.ogg,4862
dig/cloth3.ogg,4897
dig/cloth4.ogg,4844
dig/grass1.ogg,7468
dig/grass2.ogg,7691
dig/grass3.ogg,7194
dig/grass4.ogg,7163
dig/gravel1.ogg,6851
dig/gravel2.ogg,7501
dig/gravel3.ogg,6905
dig/gravel4.ogg,6728
dig/sand1.ogg,5543
dig/sand2.ogg,5553
dig/sand3.ogg,5552
dig/sand4.ogg,5491
dig/snow1.ogg,6532
dig/snow2.ogg,6567
dig/snow3.ogg,6540
dig/snow4.ogg,6501
dig/stone1.ogg,6695
dig/stone2.ogg,6728
dig/stone3.ogg,6627
dig/stone4.ogg,6516
dig/wood1.ogg,6541
dig/wood2.ogg,6294
dig/wood3.ogg,6604
dig/wood4.ogg,6817
fire/fire.ogg,28689
fire/ignite.ogg,6418
fireworks/blast1.ogg,11071
fireworks/blast_far1.ogg,14727
fireworks/largeBlast1.ogg,17306
fireworks/largeBlast_far1.ogg,21914
fireworks/launch1.ogg,15598
fireworks/twinkle1.ogg,14328
fireworks/twinkle_far1.ogg,23987
liquid/lava.ogg,65328
liquid/lavapop.ogg,5609
liquid/splash.ogg,16702
liquid/splash2.ogg,36747
liquid/swim1.ogg,9227
liquid/swim2.ogg,9540
liquid/swim3.ogg,9868
liquid/swim4.ogg,7836
liquid/water.ogg,36329
minecart/base.ogg,15354
minecart/inside.ogg,57426
mob/bat/death.ogg,8726
mob/bat/hurt1.ogg,4878
mob/bat/hurt2.ogg,5530
mob/bat/hurt3.ogg,5249
mob/bat/hurt4.ogg,5410
mob/bat/idle1.ogg,5708
mob/bat/idle2.ogg,4767
mob/bat/idle3.ogg,4777
mob/bat/idle4.ogg,5274
mob/bat/loop.ogg,16510
mob/bat/takeoff.ogg,8821
mob/blaze/breathe1.ogg,22308
mob/blaze/breathe2.ogg,22547
mob/blaze/breathe3.ogg,21883
mob/blaze/breathe4.ogg,22054
mob/blaze/death.ogg,30155
mob/blaze/hit1.ogg,7189
mob/blaze/hit2.ogg,7356
mob/blaze/hit3.ogg,7229
mob/blaze/hit4.ogg,7383
mob/cat/hiss1.ogg,14666
mob/cat/hiss2.ogg,13451
mob/cat/hiss3.ogg,13708
mob/cat/hitt1.ogg,7595
mob/cat/hitt2.ogg,9180
mob/cat/hitt3.ogg,7371
mob/cat/meow1.ogg,9820
mob/cat/meow2.ogg,9349
mob/cat/meow3.ogg,9526
mob/cat/meow4.ogg,9560
mob/cat/purr1.ogg,27911
mob/cat/purr2.ogg,28974
mob/cat/purr3.ogg,34965
mob/cat/purreow1.ogg,11787
mob/cat/purreow2.ogg,12237
mob/chicken/hurt1.ogg,7740
mob/chicken/hurt2.ogg,6177
mob/chicken/plop.ogg,4680
mob/chicken/say1.ogg,7956
mob/chicken/say2.ogg,9476
mob/chicken/say3.ogg,7080
mob/chicken/step1.ogg,3702
mob/chicken/step2.ogg,3838
mob/cow/hurt1.ogg,7302
mob/cow/hurt2.ogg,8430
mob/cow/hurt3.ogg,8934
mob/cow/say1.ogg,9714
mob/cow/say2.ogg,13553
mob/cow/say3.ogg,13330
mob/cow/say4.ogg,12300
mob/cow/step1.ogg,7411
mob/cow/step2.ogg,7885
mob/cow/step3.ogg,7923
mob/cow/step4.ogg,7394
mob/creeper/death.ogg,13005
mob/creeper/say1.ogg,6647
mob/creeper/say2.ogg,6768
mob/creeper/say3.ogg,6787
mob/creeper/say4.ogg,7111
mob/enderdragon/end.ogg,257102
mob/enderdragon/growl1.ogg,26384
mob/enderdragon/growl2.ogg,27101
mob/enderdragon/growl3.ogg,27102
mob/enderdragon/growl4.ogg,25574
mob/enderdragon/hit1.ogg,11056
mob/enderdragon/hit2.ogg,10880
mob/enderdragon/hit3.ogg,11158
mob/enderdragon/hit4.ogg,10812
mob/enderdragon/wings1.ogg,10617
mob/enderdragon/wings2.ogg,10481
mob/enderdragon/wings3.ogg,10373
mob/enderdragon/wings4.ogg,11702
mob/enderdragon/wings5.ogg,11659
mob/enderdragon/wings6.ogg,11150
mob/endermen/death.ogg,16232
mob/endermen/hit1.ogg,6883
mob/endermen/hit2.ogg,6491
mob/endermen/hit3.ogg,6564
mob/endermen/hit4.ogg,5573
mob/endermen/idle1.ogg,6793
mob/endermen/idle2.ogg,8236
mob/endermen/idle3.ogg,10073
mob/endermen/idle4.ogg,11208
mob/endermen/idle5.ogg,9108
mob/endermen/portal.ogg,10010
mob/endermen/portal2.ogg,7442
mob/endermen/scream1.ogg,11231
mob/endermen/scream2.ogg,11020
mob/endermen/scream3.ogg,9843
mob/endermen/scream4.ogg,10411
mob/endermen/stare.ogg,127738
mob/ghast/affectionate_scream.ogg,9367
mob/ghast/charge.ogg,13415
mob/ghast/death.ogg,26853
mob/ghast/fireball4.ogg,8535
mob/ghast/moan1.ogg,7986
mob/ghast/moan2.ogg,8909
mob/ghast/moan3.ogg,8925
mob/ghast/moan4.ogg,9393
mob/ghast/moan5.ogg,14107
mob/ghast/moan6.ogg,18305
mob/ghast/moan7.ogg,9222
mob/ghast/scream1.ogg,10828
mob/ghast/scream2.ogg,11455
mob/ghast/scream3.ogg,9399
mob/ghast/scream4.ogg,12220
mob/ghast/scream5.ogg,11650
mob/guardian/attack_loop.ogg,20912
mob/guardian/curse.ogg,45792
mob/guardian/elder_death.ogg,19980
mob/guardian/elder_hit1.ogg,8461
mob/guardian/elder_hit2.ogg,8392
mob/guardian/elder_hit3.ogg,8631
mob/guardian/elder_hit4.ogg,8680
mob/guardian/elder_idle1.ogg,17095
mob/guardian/elder_idle2.ogg,17437
mob/guardian/elder_idle3.ogg,14673
mob/guardian/elder_idle4.ogg,18822
mob/guardian/flop1.ogg,7422
mob/guardian/flop2.ogg,7355
mob/guardian/flop3.ogg,6994
mob/guardian/flop4.ogg,7371
mob/guardian/guardian_death.ogg,15820
mob/guardian/guardian_hit1.ogg,9257
mob/guardian/guardian_hit2.ogg,9111
mob/guardian/guardian_hit3.ogg,9363
mob/guardian/guardian_hit4.ogg,9216
mob/guardian/guardian_idle1.ogg,13948
mob/guardian/guardian_idle2.ogg,13792
mob/guardian/guardian_idle3.ogg,12634
mob/guardian/guardian_idle4.ogg,11913
mob/guardian/land_death.ogg,11255
mob/guardian/land_hit1.ogg,12031
mob/guardian/land_hit2.ogg,11089
mob/guardian/land_hit3.ogg,11980
mob/guardian/land_hit4.ogg,11180
mob/guardian/land_idle1.ogg,6727
mob/guardian/land_idle2.ogg,5579
mob/guardian/land_idle3.ogg,6802
mob/guardian/land_idle4.ogg,5687
mob/horse/angry1.ogg,10409
mob/horse/armor.ogg,15195
mob/horse/breathe1.ogg,10190
mob/horse/breathe2.ogg,9545
mob/horse/breathe3.ogg,7205
mob/horse/death.ogg,15184
mob/horse/donkey/angry1.ogg,12515
mob/horse/donkey/angry2.ogg,11133
mob/horse/donkey/death.ogg,13955
mob/horse/donkey/hit1.ogg,6952
mob/horse/donkey/hit2.ogg,5948
mob/horse/donkey/hit3.ogg,7500
mob/horse/donkey/idle1.ogg,6269
mob/horse/donkey/idle2.ogg,6299
mob/horse/donkey/idle3.ogg,11079
mob/horse/gallop1.ogg,8070
mob/horse/gallop2.ogg,8360
mob/horse/gallop3.ogg,7660
mob/horse/gallop4.ogg,8320
mob/horse/hit1.ogg,6014
mob/horse/hit2.ogg,5924
mob/horse/hit3.ogg,6227
mob/horse/hit4.ogg,7133
mob/horse/idle1.ogg,9846
mob/horse/idle2.ogg,8699
mob/horse/idle3.ogg,11142
mob/horse/jump.ogg,7501
mob/horse/land.ogg,9513
mob/horse/leather.ogg,11577
mob/horse/skeleton/death.ogg,19775
mob/horse/skeleton/hit1.ogg,7647
mob/horse/skeleton/hit2.ogg,7232
mob/horse/skeleton/hit3.ogg,8687
mob/horse/skeleton/hit4.ogg,8143
mob/horse/skeleton/idle1.ogg,13016
mob/horse/skeleton/idle2.ogg,9173
mob/horse/skeleton/idle3.ogg,12129
mob/horse/soft1.ogg,6417
mob/horse/soft2.ogg,6254
mob/horse/soft3.ogg,6128
mob/horse/soft4.ogg,7224
mob/horse/soft5.ogg,7127
mob/horse/soft6.ogg,6970
mob/horse/wood1.ogg,8190
mob/horse/wood2.ogg,7988
mob/horse/wood3.ogg,6995
mob/horse/wood4.ogg,6706
mob/horse/wood5.ogg,7930
mob/horse/wood6.ogg,8074
mob/horse/zombie/death.ogg,23103
mob/horse/zombie/hit1.ogg,8800
mob/horse/zombie/hit2.ogg,6894
mob/horse/zombie/hit3.ogg,7043
mob/horse/zombie/hit4.ogg,8030
mob/horse/zombie/idle1.ogg,13283
mob/horse/zombie/idle2.ogg,13333
mob/horse/zombie/idle3.ogg,12120
mob/irongolem/death.ogg,17766
mob/irongolem/hit1.ogg,9479
mob/irongolem/hit2.ogg,9140
mob/irongolem/hit3.ogg,8947
mob/irongolem/hit4.ogg,8686
mob/irongolem/throw.ogg,5316
mob/irongolem/walk1.ogg,7064
mob/irongolem/walk2.ogg,6945
mob/irongolem/walk3.ogg,6883
mob/irongolem/walk4.ogg,7021
mob/magmacube/big1.ogg,10917
mob/magmacube/big2.ogg,7931
mob/magmacube/big3.ogg,9436
mob/magmacube/big4.ogg,9871
mob/magmacube/jump1.ogg,12540
mob/magmacube/jump2.ogg,12973
mob/magmacube/jump3.ogg,12258
mob/magmacube/jump4.ogg,12902
mob/magmacube/small1.ogg,6269
mob/magmacube/small2.ogg,5518
mob/magmacube/small3.ogg,5314
mob/magmacube/small4.ogg,5387
mob/magmacube/small5.ogg,4826
mob/pig/death.ogg,13694
mob/pig/say1.ogg,5645
mob/pig/say2.ogg,6798
mob/pig/say3.ogg,5602
mob/pig/step1.ogg,5285
mob/pig/step2.ogg,4508
mob/pig/step3.ogg,4722
mob/pig/step4.ogg,4483
mob/pig/step5.ogg,5493
mob/rabbit/bunnymurder.ogg,7018
mob/rabbit/hop1.ogg,5938
mob/rabbit/hop2.ogg,6993
mob/rabbit/hop3.ogg,6597
mob/rabbit/hop4.ogg,5811
mob/rabbit/hurt1.ogg,6750
mob/rabbit/hurt2.ogg,5988
mob/rabbit/hurt3.ogg,6389
mob/rabbit/hurt4.ogg,6650
mob/rabbit/idle1.ogg,5806
mob/rabbit/idle2.ogg,6988
mob/rabbit/idle3.ogg,5840
mob/rabbit/idle4.ogg,8691
mob/sheep/say1.ogg,9784
mob/sheep/say2.ogg,8875
mob/sheep/say3.ogg,9150
mob/sheep/shear.ogg,6870
mob/sheep/step1.ogg,4838
mob/sheep/step2.ogg,4819
mob/sheep/step3.ogg,4843
mob/sheep/step4.ogg,5018
mob/sheep/step5.ogg,5185
mob/silverfish/hit1.ogg,7371
mob/silverfish/hit2.ogg,6717
mob/silverfish/hit3.ogg,7205
mob/silverfish/kill.ogg,10410
mob/silverfish/say1.ogg,6584
mob/silverfish/say2.ogg,9782
mob/silverfish/say3.ogg,7060
mob/silverfish/say4.ogg,6394
mob/silverfish/step1.ogg,8382
mob/silverfish/step2.ogg,9498
mob/silverfish/step3.ogg,9308
mob/silverfish/step4.ogg,8842
mob/skeleton/death.ogg,17073
mob/skeleton/hurt1.ogg,9986
mob/skeleton/hurt2.ogg,7798
mob/skeleton/hurt3.ogg,8572
mob/skeleton/hurt4.ogg,7848
mob/skeleton/say1.ogg,8727
mob/skeleton/say2.ogg,8485
mob/skeleton/say3.ogg,8161
mob/skeleton/step1.ogg,8444
mob/skeleton/step2.ogg,8333
mob/skeleton/step3.ogg,8565
mob/skeleton/step4.ogg,8508
mob/slime/attack1.ogg,7806
mob/slime/attack2.ogg,7391
mob/slime/big1.ogg,10917
mob/slime/big2.ogg,7931
mob/slime/big3.ogg,9436
mob/slime/big4.ogg,9871
mob/slime/small1.ogg,6269
mob/slime/small2.ogg,5518
mob/slime/small3.ogg,5314
mob/slime/small4.ogg,5387
mob/slime/small5.ogg,4826
mob/spider/death.ogg,14380
mob/spider/say1.ogg,9045
mob/spider/say2.ogg,7405
mob/spider/say3.ogg,7709
mob/spider/say4.ogg,6343
mob/spider/step1.ogg,8826
mob/spider/step2.ogg,9695
mob/spider/step3.ogg,9237
mob/spider/step4.ogg,9326
mob/villager/death.ogg,8428
mob/villager/haggle1.ogg,7104
mob/villager/haggle2.ogg,6911
mob/villager/haggle3.ogg,6891
mob/villager/hit1.ogg,5843
mob/villager/hit2.ogg,5455
mob/villager/hit3.ogg,5424
mob/villager/hit4.ogg,5160
mob/villager/idle1.ogg,8605
mob/villager/idle2.ogg,10948
mob/villager/idle3.ogg,7106
mob/villager/no1.ogg,7715
mob/villager/no2.ogg,7051
mob/villager/no3.ogg,8697
mob/villager/yes1.ogg,9191
mob/villager/yes2.ogg,11025
mob/villager/yes3.ogg,6712
mob/wither/death.ogg,62674
mob/wither/hurt1.ogg,16650
mob/wither/hurt2.ogg,16744
mob/wither/hurt3.ogg,16731
mob/wither/hurt4.ogg,16699
mob/wither/idle1.ogg,19699
mob/wither/idle2.ogg,19332
mob/wither/idle3.ogg,19307
mob/wither/idle4.ogg,19355
mob/wither/shoot.ogg,11481
mob/wither/spawn.ogg,151896
mob/wolf/bark1.ogg,5398
mob/wolf/bark2.ogg,5447
mob/wolf/bark3.ogg,5645
mob/wolf/death.ogg,7474
mob/wolf/growl1.ogg,12761
mob/wolf/growl2.ogg,10311
mob/wolf/growl3.ogg,13663
mob/wolf/howl1.ogg,16994
mob/wolf/howl2.ogg,18136
mob/wolf/hurt1.ogg,6164
mob/wolf/hurt2.ogg,6082
mob/wolf/hurt3.ogg,6381
mob/wolf/panting.ogg,7380
mob/wolf/shake.ogg,13502
mob/wolf/step1.ogg,4777
mob/wolf/step2.ogg,4766
mob/wolf/step3.ogg,4745
mob/wolf/step4.ogg,4869
mob/wolf/step5.ogg,5143
mob/wolf/whine.ogg,7846
mob/zombie/death.ogg,9836
mob/zombie/hurt1.ogg,11047
mob/zombie/hurt2.ogg,11005
mob/zombie/infect.ogg,20085
mob/zombie/metal1.ogg,8632
mob/zombie/metal2.ogg,8889
mob/zombie/metal3.ogg,8843
mob/zombie/remedy.ogg,38114
mob/zombie/say1.ogg,16877
mob/zombie/say2.ogg,15423
mob/zombie/say3.ogg,19806
mob/zombie/step1.ogg,13871
mob/zombie/step2.ogg,12214
mob/zombie/step3.ogg,11734
mob/zombie/step4.ogg,9822
mob/zombie/step5.ogg,14377
mob/zombie/unfect.ogg,19917
mob/zombie/wood1.ogg,7761
mob/zombie/wood2.ogg,7649
mob/zombie/wood3.ogg,8090
mob/zombie/wood4.ogg,7608
mob/zombie/woodbreak.ogg,10929
mob/zombiepig/zpig1.ogg,8536
mob/zombiepig/zpig2.ogg,10038
mob/zombiepig/zpig3.ogg,5916
mob/zombiepig/zpig4.ogg,7066
mob/zombiepig/zpigangry1.ogg,8946
mob/zombiepig/zpigangry2.ogg,5789
mob/zombiepig/zpigangry3.ogg,9061
mob/zombiepig/zpigangry4.ogg,9925
mob/zombiepig/zpigdeath.ogg,10357
mob/zombiepig/zpighurt1.ogg,6935
mob/zombiepig/zpighurt2.ogg,6245
note/bass.ogg,5479
note/bassattack.ogg,5574
note/bd.ogg,3850
note/harp.ogg,6137
note/hat.ogg,3880
note/pling.ogg,6274
note/snare.ogg,3969
portal/portal.ogg,25153
portal/travel.ogg,54283
portal/trigger.ogg,24992
random/anvil_break.ogg,13741
random/anvil_land.ogg,9210
random/anvil_use.ogg,13633
random/bow.ogg,6658
random/bowhit1.ogg,11106
random/bowhit2.ogg,10640
random/bowhit3.ogg,13252
random/bowhit4.ogg,15430
random/break.ogg,6551
random/breath.ogg,14331
random/burp.ogg,6337
random/chestclosed.ogg,7779
random/chestopen.ogg,8703
random/classic_hurt.ogg,11499
random/click.ogg,7046
random/door_close.ogg,6510
random/door_open.ogg,7536
random/drink.ogg,7734
random/eat1.ogg,5678
random/eat2.ogg,5677
random/eat3.ogg,5813
random/explode1.ogg,19732
random/explode2.ogg,25246
random/explode3.ogg,25298
random/explode4.ogg,25090
random/fizz.ogg,17002
random/fuse.ogg,29271
random/glass1.ogg,7443
random/glass2.ogg,7532
random/glass3.ogg,7592
random/levelup.ogg,15799
random/orb.ogg,7139
random/pop.ogg,4193
random/splash.ogg,11333
random/successful_hit.ogg,7139
random/wood_click.ogg,4385
step/cloth1.ogg,4832
step/cloth2.ogg,4862
step/cloth3.ogg,4897
step/cloth4.ogg,4844
step/grass1.ogg,7126
step/grass2.ogg,8131
step/grass3.ogg,7013
step/grass4.ogg,7377
step/grass5.ogg,7801
step/grass6.ogg,7709
step/gravel1.ogg,7757
step/gravel2.ogg,7921
step/gravel3.ogg,7488
step/gravel4.ogg,8075
step/ladder1.ogg,6021
step/ladder2.ogg,6125
step/ladder3.ogg,6281
step/ladder4.ogg,6182
step/ladder5.ogg,6077
step/sand1.ogg,5123
step/sand2.ogg,5114
step/sand3.ogg,5144
step/sand4.ogg,5321
step/sand5.ogg,5182
step/snow1.ogg,6532
step/snow2.ogg,6567
step/snow3.ogg,6540
step/snow4.ogg,6501
step/stone1.ogg,8012
step/stone2.ogg,7086
step/stone3.ogg,6631
step/stone4.ogg,7520
step/stone5.ogg,7752
step/stone6.ogg,8178
step/wood1.ogg,8985
step/wood2.ogg,9150
step/wood3.ogg,9368
step/wood4.ogg,9651
step/wood5.ogg,11520
step/wood6.ogg,9093
tile/piston/in.ogg,5900
tile/piston/out.ogg,6059